Country Name,Country Code,Indicator Name,Indicator Code,1960,1961,1962,1963,1964,1965,1966,1967,1968,1969,1970,1971,1972,1973,1974,1975,1976,1977,1978,1979,1980,1981,1982,1983,1984,1985,1986,1987,1988,1989,1990,1991,1992,1993,1994,1995,1996,1997,1998,1999,2000,2001,2002,2003,2004,2005,2006,2007,2008,2009,2010,2011,2012,2013,2014,2015,2016,2017,2018,2019,2020
Aruba,ABW,"Central government debt, total (% of GDP)",GC.DOD.TOTL.GD.ZS,,,,,,,,,,,,,,,,,,,,,,,,,,,,,,,,,,,,,,,,,,,,,,,,,,,,,,,,,,,83.572,,
Afghanistan,AFG,"Central government debt, total (% of GDP)",GC.DOD.TOTL.GD.ZS,,,,,,,,,,,,,,,,,,,,,,,,,,,,,,,,,,,,,,,,,,,,,,,,,,,,,,,,,,,6.884,,
Angola,AGO,"Central government debt, total (% of GDP)",GC.DOD.TOTL.GD.ZS,,,,,,,,,,,,,,,,,,,,,,,,,,,,,,,,,,,,,,,,,,,,,,,,,,,,,,,,,,,90.456,,
Albania,ALB,"Central government debt, total (% of GDP)",GC.DOD.TOTL.GD.ZS,,,,,,,,,,,,,,,,,,,,,,,,,,,,,,,,,,,,35.75690391,37.48105039,53.1077865,55.56564467,,,,,,,,,,,,,69.63766963,63.6691536,70.58078809,73.32024692,79.86444487,80.73557539,,65.125,,
Andorra,AND,"Central government debt, total (% of GDP)",GC.DOD.TOTL.GD.ZS,,,,,,,,,,,,,,,,,,,,,,,,,,,,,,,,,,,,,,,,,,,,,,,,,,,,,,,,,,,,,
Arab World,ARB,"Central government debt, total (% of GDP)",GC.DOD.TOTL.GD.ZS,,,,,,,,,,,,,,,,,,,,,,,,,,,,,,,,,,,,,,,,,,,,,,,,,,,,,,,,,,,,,
United Arab Emirates,ARE,"Central government debt, total (% of GDP)",GC.DOD.TOTL.GD.ZS,,,,,,,,,,,,,,,,,,,,,,,,,,,,,,,,,,,,,,,,,,,,,,,,,,,,,,1.893522389,,,,,19.202,,
Argentina,ARG,"Central government debt, total (% of GDP)",GC.DOD.TOTL.GD.ZS,,,,,,,,,,,,,,,,,,,,,,,,,,,,,,,,,,,,,,,,,,,,,,,,,,,,,,,,,,,75.901,,
Armenia,ARM,"Central government debt, total (% of GDP)",GC.DOD.TOTL.GD.ZS,,,,,,,,,,,,,,,,,,,,,,,,,,,,,,,,,,,,,,,,,,,,,,,,,,,,,,,,,,,47.952,,
American Samoa,ASM,"Central government debt, total (% of GDP)",GC.DOD.TOTL.GD.ZS,,,,,,,,,,,,,,,,,,,,,,,,,,,,,,,,,,,,,,,,,,,,,,,,,,,,,,,,,,,,,
Antigua and Barbuda,ATG,"Central government debt, total (% of GDP)",GC.DOD.TOTL.GD.ZS,,,,,,,,,,,,,,,,,,,,,,,,,,,,,,,,,,,,,,,,,,,,,,,,,,,,,,,,,,,88.348,,
Australia,AUS,"Central government debt, total (% of GDP)",GC.DOD.TOTL.GD.ZS,,,,,,,,,,,,,,,,,,,,,,,,,,,,,,,12.25316017,11.94321532,14.17337373,17.90771104,20.22578297,21.73638759,21.86774425,20.91155808,16.91030561,31.1495289,29.5904616,0.027812999,0.025985976,0.025182281,0.022972246,0.022507212,0.021647281,0.020320396,0.018397826,0.024060723,0.029257361,0.030586847,0.039907753,0.038039272,0.042207528,0.04694802,0.054648483,,41.098,,
Austria,AUT,"Central government debt, total (% of GDP)",GC.DOD.TOTL.GD.ZS,,,,,,,,,,,,,,,,,,,,,,,,,,,,,,,,,,,,,,,,,,,,,,,,,,,,,,,,,,,71.168,,
Azerbaijan,AZE,"Central government debt, total (% of GDP)",GC.DOD.TOTL.GD.ZS,,,,,,,,,,,,,,,,,,,,,,,,,,,,,,,,,,,,,,,,,,,,,,,,,4.576537975,6.295012401,6.385575792,,,,,,,,17.586,,
Burundi,BDI,"Central government debt, total (% of GDP)",GC.DOD.TOTL.GD.ZS,,,,,,,,,,,,,,,,,,,,,,,,,,,,,,,,88.79366488,103.9915799,117.6309794,117.0125899,128.9192191,144.0976815,134.2470828,151.2772114,162.5614405,,,,,,,,,,,,,,,,,,,63.542,,
Belgium,BEL,"Central government debt, total (% of GDP)",GC.DOD.TOTL.GD.ZS,,,,,,,,,,,,,,,,,,,,,,,,,,,,,,,,,,,,,,,,,,,,,,,,,,,,,,,,,,,99.568,,
Benin,BEN,"Central government debt, total (% of GDP)",GC.DOD.TOTL.GD.ZS,,,,,,,,,,,,,,,,,,,,,,,,,,,,,,,,,,,,,,,,,,,,,,,,,,,,,,,,,,,53.998,,
Burkina Faso,BFA,"Central government debt, total (% of GDP)",GC.DOD.TOTL.GD.ZS,,,,,,,,,,,,,,,,,,,,,,,,,,,,,,,,,,,,,,,,,,,,,,,,,,,,,,,,,,,42.465,,
Bangladesh,BGD,"Central government debt, total (% of GDP)",GC.DOD.TOTL.GD.ZS,,,,,,,,,,,,,,,,,,,,,,,,,,,,,,,,,,,,,,,,,,31.46184316,31.86399152,31.20445211,,,,,,,,,,,,,,,34.813,,
Bulgaria,BGR,"Central government debt, total (% of GDP)",GC.DOD.TOTL.GD.ZS,,,,,,,,,,,,,,,,,,,,,,,,,,,,,,,,,,,,,,,,,,,,,,,,,,,,,,,,,,,19.331,,
Bahrain,BHR,"Central government debt, total (% of GDP)",GC.DOD.TOTL.GD.ZS,,,,,,,,,,,,,,,,,,,,,,,,,,,,,,,8.727364185,16.37955868,21.29982087,19.34741472,17.88000297,16.98645162,15.81310272,16.96058238,21.16468109,23.69150527,25.74501489,27.10478363,28.37966711,32.4533576,29.3985592,,,,,,,,,,,,,,,,
"Bahamas, The",BHS,"Central government debt, total (% of GDP)",GC.DOD.TOTL.GD.ZS,,,,,,,,,,,,,,,,,,,,,,,,,,,,,,,24.41882502,27.97670322,30.63042779,34.43402329,34.86652347,33.99825022,34.22277639,21.7237965,20.95173286,19.64114437,18.75200428,,,,,,23.4702304,23.2550474,25.45031351,30.90345984,33.68656743,35.2808663,36.43201343,44.39458661,47.26727937,48.11951703,51.42074315,,,,
Bosnia and Herzegovina,BIH,"Central government debt, total (% of GDP)",GC.DOD.TOTL.GD.ZS,,,,,,,,,,,,,,,,,,,,,,,,,,,,,,,,,,,,,,,,,,,,,,,,,,,,45.83469429,49.09026315,,,,52.86811469,,36.335,,
Belarus,BLR,"Central government debt, total (% of GDP)",GC.DOD.TOTL.GD.ZS,,,,,,,,,,,,,,,,,,,,,,,,,,,,,,,,,25.76086957,5.187817259,75.95571292,16.88006062,11.52012886,12.17146907,20.18054264,15.10311745,15.01445182,11.44061677,12.33668601,,,6.570220588,6.644401832,8.909260816,10.65663437,18.55746198,18.90524573,39.41681084,24.42931342,23.83729556,24.54872626,37.59817806,39.9601531,,51.081,,
Belize,BLZ,"Central government debt, total (% of GDP)",GC.DOD.TOTL.GD.ZS,,,,,,,,,,,,,,,,,,,,,,,,,,,,,,,28.12904944,28.64348021,32.96017224,35.32653131,37.1674973,36.31089024,38.83228731,,,,,,67.81444246,88.61398068,104.6333761,93.22145093,88.18906747,86.00381409,79.8031598,83.22808016,81.32707668,78.25328587,76.96349071,78.77675066,78.48129661,,,,,,
Bermuda,BMU,"Central government debt, total (% of GDP)",GC.DOD.TOTL.GD.ZS,,,,,,,,,,,,,,,,,,,,,,,,,,,,,,,,,,,,,,,,,,,,,,,,,,,,,,,,,,,,,
Bolivia,BOL,"Central government debt, total (% of GDP)",GC.DOD.TOTL.GD.ZS,,,,,,,,,,,,,,,,,,,,,,,,,,,,,,,,,,,59.17172396,57.41137921,47.88280637,46.53650552,47.07519229,56.25758275,60.10919786,68.33985226,,,,,,,,,,,,,,,,,57.111,,
Brazil,BRA,"Central government debt, total (% of GDP)",GC.DOD.TOTL.GD.ZS,,,,,,,,,,,,,,,,,,,,,,,,,,,,,,,,,,,,,,,,,,,,,,,63.95235634,62.45168349,60.65593049,63.80782743,61.31878046,59.34167186,59.84949,57.22840938,58.45727111,67.53755403,73.41880381,,,,
Barbados,BRB,"Central government debt, total (% of GDP)",GC.DOD.TOTL.GD.ZS,,,,,,,,,,,,,,,,,,,,,,,,,,,,,,,,,,,,,,,,,,,,,,63.79162386,62.36644761,66.82689459,71.16870205,86.87973446,95.72464313,100.2505267,112.7759671,120.4863303,129.6252957,141.7288149,,,,,
Brunei Darussalam,BRN,"Central government debt, total (% of GDP)",GC.DOD.TOTL.GD.ZS,,,,,,,,,,,,,,,,,,,,,,,,,,,,,,,,,,,,,,,,,,,,,,,,,,,,,,,,,,,,,
Bhutan,BTN,"Central government debt, total (% of GDP)",GC.DOD.TOTL.GD.ZS,,,,,,,,,,,,,,,,,,,,,,,,,,,,,,,51.18801925,47.4653513,45.48048856,39.332421,32.93920123,27.08988149,36.29984685,30.74087472,29.96926626,34.39074131,40.48037494,72.20845404,58.1222739,70.83734938,77.45802264,81.72261948,76.8295072,64.28857447,61.91206477,58.19082377,56.21183125,64.04671854,74.2422122,98.44488536,93.1103346,93.96922832,110.676901,,,,
Botswana,BWA,"Central government debt, total (% of GDP)",GC.DOD.TOTL.GD.ZS,,,,,,,,,,,,,,,,,,,,,,,,,,,,,,,11.37110325,12.11680206,12.53215057,12.44505995,12.04239764,10.97207607,11.15675555,,,,,,,,,,5.893609614,5.74118725,7.847308973,18.97311647,21.63068854,20.74317943,19.94555029,18.21242967,17.44535971,17.90915924,15.23549892,,12.775,,
Central African Republic,CAF,"Central government debt, total (% of GDP)",GC.DOD.TOTL.GD.ZS,,,,,,,,,,,,,,,,,,,,,,,,,,,,,,,,,,,,,,,,,,,,,,,,,,,,,,,,,,,42.247,,
Canada,CAN,"Central government debt, total (% of GDP)",GC.DOD.TOTL.GD.ZS,,,,,,,,,,,,,,,,,,,,,,,,,,,,,,,,,,,,,,,,,,,,,,,,,,,,,,,,,,,,,
Central Europe and the Baltics,CEB,"Central government debt, total (% of GDP)",GC.DOD.TOTL.GD.ZS,,,,,,,,,,,,,,,,,,,,,,,,,,,,,,,,,,,49.44338744,,,,,,,,,,,,,,,,,,,,,,,,,,
Switzerland,CHE,"Central government debt, total (% of GDP)",GC.DOD.TOTL.GD.ZS,,,,,,,,,,,,,,,,,,,,,,,,,,,,,,,12.69293337,13.43342208,15.68593366,18.99467007,20.66656921,23.1661446,23.59916837,25.64307531,27.90797872,25.69232344,26.33709737,25.26039678,30.39026074,29.43776534,29.99839184,30.01295216,26.35341898,24.005218,23.64172727,22.24589641,21.56106074,21.67260656,21.84997165,20.65695851,21.04975659,20.88774744,19.73491355,,39.486,,
Channel Islands,CHI,"Central government debt, total (% of GDP)",GC.DOD.TOTL.GD.ZS,,,,,,,,,,,,,,,,,,,,,,,,,,,,,,,,,,,,,,,,,,,,,,,,,,,,,,,,,,,,,
Chile,CHL,"Central government debt, total (% of GDP)",GC.DOD.TOTL.GD.ZS,,,,,,,,,,,,,,,,,,,,,,,,,,,,,,,,,,,,,,,,,,,,,,,,,,,,,,,,,,,27.168,,
China,CHN,"Central government debt, total (% of GDP)",GC.DOD.TOTL.GD.ZS,,,,,,,,,,,,,,,,,,,,,,,,,,,,,,,,,,,,,,,,,,,,,,,,,,,,,,,,,,,55.362,,
Cote d'Ivoire,CIV,"Central government debt, total (% of GDP)",GC.DOD.TOTL.GD.ZS,,,,,,,,,,,,,,,,,,,,,,,,,,,,,,,,,,,,171.0654426,,,,,,,,,,,,,,,,,,,,,,,,,
Cameroon,CMR,"Central government debt, total (% of GDP)",GC.DOD.TOTL.GD.ZS,,,,,,,,,,,,,,,,,,,,,,,,,,,,,,,,,,,,,,,,,,,,,,,,,,,,,,,,,,,38.111,,
"Congo, Dem. Rep.",COD,"Central government debt, total (% of GDP)",GC.DOD.TOTL.GD.ZS,,,,,,,,,,,,,,,,,,,,,,,,,,,,,,,289.8447271,113.5846667,128.4447081,104.0021075,169.7866114,232.9362311,243.5955063,152.1870019,,,,,,,,,,,,,,,,,,,,,,,
"Congo, Rep.",COG,"Central government debt, total (% of GDP)",GC.DOD.TOTL.GD.ZS,,,,,,,,,,,,,,,,,,,,,,,,,,,,,,,,,,,,,,,,,,,,,,,,,,60.79687201,27.87584869,,,,,,,,,,
Colombia,COL,"Central government debt, total (% of GDP)",GC.DOD.TOTL.GD.ZS,,,,,,,,,,,,,,,,,,,,,,,,,,,,,,,,,,,,,,,5.403915491,19.06535087,17.70902168,,,52.53541953,,,,,65.24508031,68.99900334,72.45266993,62.86013282,65.22769588,67.10291195,79.68305695,66.66781912,57.40564934,,49.16,,
Comoros,COM,"Central government debt, total (% of GDP)",GC.DOD.TOTL.GD.ZS,,,,,,,,,,,,,,,,,,,,,,,,,,,,,,,,,,,,,,,,,,,,,,,,,,,,,,,,,,,35.075,,
Cabo Verde,CPV,"Central government debt, total (% of GDP)",GC.DOD.TOTL.GD.ZS,,,,,,,,,,,,,,,,,,,,,,,,,,,,,,,,,,,,,,,,,,,,,,,,,,,,,,,,,,,,,
Costa Rica,CRI,"Central government debt, total (% of GDP)",GC.DOD.TOTL.GD.ZS,,,,,,,,,,,,,,,,,,,,,,,,,,,,,,,,,,,,,30.25400367,30.32937432,40.40247756,40.27217325,38.66697479,39.4903697,,,,,,,,,,,,,,,,,56.15,,
Caribbean small states,CSS,"Central government debt, total (% of GDP)",GC.DOD.TOTL.GD.ZS,,,,,,,,,,,,,,,,,,,,,,,,,,,,,,,,,,,,,,,,,,,,,,,51.12092181,49.89434991,,,,,,,,,,,,,
Cuba,CUB,"Central government debt, total (% of GDP)",GC.DOD.TOTL.GD.ZS,,,,,,,,,,,,,,,,,,,,,,,,,,,,,,,,,,,,,,,,,,,,,,,,,,,,,,,,,,,,,
Curacao,CUW,"Central government debt, total (% of GDP)",GC.DOD.TOTL.GD.ZS,,,,,,,,,,,,,,,,,,,,,,,,,,,,,,,,,,,,,,,,,,,,,,,,,,,,,,,,,,,,,
Cayman Islands,CYM,"Central government debt, total (% of GDP)",GC.DOD.TOTL.GD.ZS,,,,,,,,,,,,,,,,,,,,,,,,,,,,,,,,,,,,,,,,,,,,,,,,,,,,,,,,,,,,,
Cyprus,CYP,"Central government debt, total (% of GDP)",GC.DOD.TOTL.GD.ZS,,,,,,,,,,,,,,,,,,,,,,,,,,,,,,,86.61874584,96.3842337,95.8339898,100.3304423,91.66831341,,,,,,,,,,,,,,,,,,,,,,,,,,
Czech Republic,CZE,"Central government debt, total (% of GDP)",GC.DOD.TOTL.GD.ZS,,,,,,,,,,,,,,,,,,,,,,,,,,,,,,,,,,15.9393745,14.18397896,,,,,,,,,,,,,,,,,,,,,,,,31.571,,
Germany,DEU,"Central government debt, total (% of GDP)",GC.DOD.TOTL.GD.ZS,,,,,,,,,,,,,,,,,,,,,,,,,,,,,,,20.9305896,21.9525352,24.08754732,26.36078189,28.06229633,35.27681159,36.54016039,37.14338746,37.10458903,19.17679709,,,,,,,,,,,,,,,,,,,56.934,,
Djibouti,DJI,"Central government debt, total (% of GDP)",GC.DOD.TOTL.GD.ZS,,,,,,,,,,,,,,,,,,,,,,,,,,,,,,,,,,,,,,,,,,,,,,,,,,,,,,,,,,,62.986,,
Dominica,DMA,"Central government debt, total (% of GDP)",GC.DOD.TOTL.GD.ZS,,,,,,,,,,,,,,,,,,,,,,,,,,,,,,,,,,,,,,,,,,,,,,,,,,,,,,,,,,,,,
Denmark,DNK,"Central government debt, total (% of GDP)",GC.DOD.TOTL.GD.ZS,,,,,,,,,,,,,,,,,,,,,,,,,,,,,,,,62.13537155,66.6274703,78.23914946,75.26157028,,,,,,,,,,,,,,,,,,,,,,,,33.613,,
Dominican Republic,DOM,"Central government debt, total (% of GDP)",GC.DOD.TOTL.GD.ZS,,,,,,,,,,,,,,,,,,,,,,,,,,,,,,,,,,,,,20.96018308,17.5702325,,16.41680384,,,,,,,,,,,,,,,,,,,41.922,,
Algeria,DZA,"Central government debt, total (% of GDP)",GC.DOD.TOTL.GD.ZS,,,,,,,,,,,,,,,,,,,,,,,,,,,,,,,,,,,,,,,,,,,,,,,,,,,,,,,,,,,46.918,,
East Asia & Pacific (excluding high income),EAP,"Central government debt, total (% of GDP)",GC.DOD.TOTL.GD.ZS,,,,,,,,,,,,,,,,,,,,,,,,,,,,,,,,,,,,,,,,,,,,,,,,,,,,,,,,,,,,,
Early-demographic dividend,EAR,"Central government debt, total (% of GDP)",GC.DOD.TOTL.GD.ZS,,,,,,,,,,,,,,,,,,,,,,,,,,,,,,,,,,,,,,,,,,,,,,,,,,,,,,,,,,,,,
East Asia & Pacific,EAS,"Central government debt, total (% of GDP)",GC.DOD.TOTL.GD.ZS,,,,,,,,,,,,,,,,,,,,,,,,,,,,,,,,,,,,,,,,,,,,,,,,,,,,,,,,,,,,,
Europe & Central Asia (excluding high income),ECA,"Central government debt, total (% of GDP)",GC.DOD.TOTL.GD.ZS,,,,,,,,,,,,,,,,,,,,,,,,,,,,,,,,,,,,,,,103.029287,,,,,,,,,,17.59107106,22.48053368,21.4902093,20.75705964,19.90325231,18.37124737,20.8558003,22.59155641,24.01057448,,,,
Europe & Central Asia,ECS,"Central government debt, total (% of GDP)",GC.DOD.TOTL.GD.ZS,,,,,,,,,,,,,,,,,,,,,,,,,,,,,,,,,,,,,,,,,,,,,,,,,,,,,,,,,,,,,
Ecuador,ECU,"Central government debt, total (% of GDP)",GC.DOD.TOTL.GD.ZS,,,,,,,,,,,,,,,,,,,,,,,,,,,,,,,,,,,,,,,,,,,,,,,,,,,,,,,,,,,49.199,,
"Egypt, Arab Rep.",EGY,"Central government debt, total (% of GDP)",GC.DOD.TOTL.GD.ZS,,,,,,,,,,,,,,,,,,,,,,,,,,,,,,,,,,,,,,,,,,,,,,,,85.78853383,,,,,,,,,,,,,
Euro area,EMU,"Central government debt, total (% of GDP)",GC.DOD.TOTL.GD.ZS,,,,,,,,,,,,,,,,,,,,,,,,,,,,,,,,,,,,,,,,,,,,,,,,,,,,,,,,,,,,,
Eritrea,ERI,"Central government debt, total (% of GDP)",GC.DOD.TOTL.GD.ZS,,,,,,,,,,,,,,,,,,,,,,,,,,,,,,,,,,,,,,,,,,,,,,,,,,,,,,,,,,,,,
Spain,ESP,"Central government debt, total (% of GDP)",GC.DOD.TOTL.GD.ZS,,,,,,,,,,,2002.510369,1767.385583,,,,,,,,,,,,,,,,,,,,,,,,54.35579651,60.10043978,59.62255614,60.14194031,55.21022362,52.73554174,48.77072184,47.84565175,44.07196206,43.26986773,40.60653433,36.07848304,32.26070764,37.38083184,51.20769602,54.02453755,62.31779755,84.58157359,99.92258912,112.2099235,104.7445681,104.5729153,,,,
Estonia,EST,"Central government debt, total (% of GDP)",GC.DOD.TOTL.GD.ZS,,,,,,,,,,,,,,,,,,,,,,,,,,,,,,,,,,,,,,,,,,,,,,,,,,,,,,,,,,,7.613,,
Ethiopia,ETH,"Central government debt, total (% of GDP)",GC.DOD.TOTL.GD.ZS,,,,,,,,,,,,,,,,,,,,,,,,,,,,,,,48.35295692,50.88587876,44.38117357,73.28743449,92.50415494,82.62967636,72.15000936,69.42168706,77.96167911,85.55469792,,,,,,,,,,,,,,10.73328378,,,,,57.428,,
European Union,EUU,"Central government debt, total (% of GDP)",GC.DOD.TOTL.GD.ZS,,,,,,,,,,,,,,,,,,,,,,,,,,,,,,,,,,,,,,,,,,,,,,,,,,,,,,,,,,,,,
Fragile and conflict affected situations,FCS,"Central government debt, total (% of GDP)",GC.DOD.TOTL.GD.ZS,,,,,,,,,,,,,,,,,,,,,,,,,,,,,,,,,,,,,,,,,,,,,,,,,,,,,,,,,,,,,
Finland,FIN,"Central government debt, total (% of GDP)",GC.DOD.TOTL.GD.ZS,,,,,,,,,,,,,,,,,,,,,,,,,,,,,,,10.47561955,17.0154335,34.1069451,51.62475302,58.2474104,,,,,,,,,,,,,,,,,,,,,,,,,,
Fiji,FJI,"Central government debt, total (% of GDP)",GC.DOD.TOTL.GD.ZS,,,,,,,,,,,,,,,,,,,,,,,,,,,,,,,,36.84182174,33.68674803,36.55284553,36.63785361,,,,,,,,,,,,,,,,,,,,,,,,50.221,,
France,FRA,"Central government debt, total (% of GDP)",GC.DOD.TOTL.GD.ZS,,,,,,,,,,,,,,,,,,,,,,,,,,,,,,,,,,,,,,,,,,,,,,,,,,,,,,,,,,,,,
Faroe Islands,FRO,"Central government debt, total (% of GDP)",GC.DOD.TOTL.GD.ZS,,,,,,,,,,,,,,,,,,,,,,,,,,,,,,,,,,,,,,,,,,,,,,,,,,,,,,,,,,,,,
"Micronesia, Fed. Sts.",FSM,"Central government debt, total (% of GDP)",GC.DOD.TOTL.GD.ZS,,,,,,,,,,,,,,,,,,,,,,,,,,,,,,,,,,,,,,,,,,,,,,,,,26.60897543,25.44162184,24.15488134,25.2019617,27.11517204,26.32302411,23.38973481,29.94314479,25.39177741,,,,
Gabon,GAB,"Central government debt, total (% of GDP)",GC.DOD.TOTL.GD.ZS,,,,,,,,,,,,,,,,,,,,,,,,,,,,,,,,,,,,,,,,,,,,,,,,,,,,,,,,,,,,,
United Kingdom,GBR,"Central government debt, total (% of GDP)",GC.DOD.TOTL.GD.ZS,,,,,,,,,,,,,,,,,,,,,,,,,,,,,,,30.20337095,29.19489603,30.39975006,35.31355001,40.48008846,43.9223348,43.62834736,44.96994072,46.21828751,42.70437959,42.60745438,38.47574198,39.44167693,39.34920324,42.73805267,44.14993046,43.62383663,44.65386648,55.24610816,68.93270258,81.69635695,95.25040608,99.24745419,95.13733447,106.2130632,105.1599043,114.9722448,,,,
Georgia,GEO,"Central government debt, total (% of GDP)",GC.DOD.TOTL.GD.ZS,,,,,,,,,,,,,,,,,,,,,,,,,,,,,,,,,,,,,,43.40600233,56.90448219,71.93712844,69.9376148,66.66916392,64.95842275,53.80600413,43.83620207,35.07645707,27.95814328,22.68709765,27.01770389,34.61136439,34.98139458,31.01414122,31.26420908,31.84964205,33.13520113,38.63091204,42.14393347,,45.045,,
Ghana,GHA,"Central government debt, total (% of GDP)",GC.DOD.TOTL.GD.ZS,,,,,,,,,,,,,,,,,,,,,,,,,,,,,,,,,,,,,,,,,,,,,,,,,,,,,,,,,,,,,
Gibraltar,GIB,"Central government debt, total (% of GDP)",GC.DOD.TOTL.GD.ZS,,,,,,,,,,,,,,,,,,,,,,,,,,,,,,,,,,,,,,,,,,,,,,,,,,,,,,,,,,,,,
Guinea,GIN,"Central government debt, total (% of GDP)",GC.DOD.TOTL.GD.ZS,,,,,,,,,,,,,,,,,,,,,,,,,,,,,,,,,,,,,,,,,,,,,,,,,,,,,,,,,,,45.975,,
"Gambia, The",GMB,"Central government debt, total (% of GDP)",GC.DOD.TOTL.GD.ZS,,,,,,,,,,,,,,,,,,,,,,,,,,,,,,,,,,,,,,,,,,,,,,,,,,,,,,,,,,,,,
Guinea-Bissau,GNB,"Central government debt, total (% of GDP)",GC.DOD.TOTL.GD.ZS,,,,,,,,,,,,,,,,,,,,,,,,,,,,,,,,,,,,,,,,,,,,,,,,,,,,,,,,,,,54.918,,
Equatorial Guinea,GNQ,"Central government debt, total (% of GDP)",GC.DOD.TOTL.GD.ZS,,,,,,,,,,,,,,,,,,,,,,,,,,,,,,,,,,,,,,,,,,,,,,,,,,,,,,,,,,,37.486,,
Greece,GRC,"Central government debt, total (% of GDP)",GC.DOD.TOTL.GD.ZS,,,,,,,,,,,,,,,,,,,,,,,,,,,,,,,,,,,,,,,,,,,,,,,,,,,,,,,,,,,,,
Grenada,GRD,"Central government debt, total (% of GDP)",GC.DOD.TOTL.GD.ZS,,,,,,,,,,,,,,,,,,,,,,,,,,,,,,,,,,,,,,,,,,,,,,,,,,,,,,,,,,,,,
Greenland,GRL,"Central government debt, total (% of GDP)",GC.DOD.TOTL.GD.ZS,,,,,,,,,,,,,,,,,,,,,,,,,,,,,,,,,,,,,,,,,,,,,,,,,,,,,,,,,,,,,
Guatemala,GTM,"Central government debt, total (% of GDP)",GC.DOD.TOTL.GD.ZS,,,,,,,,,,,,,,,,,,,,,,,,,,,,,,,24.48068514,17.75179131,15.83121931,13.62250812,13.16194904,11.40499902,11.24183287,11.34521767,11.28016784,13.47018859,16.98382301,19.94650297,18.39359982,20.7110409,21.78594625,21.26247877,21.87667662,21.63557339,20.05394499,23.01723406,24.41978694,24.16258981,24.31127359,25.20994962,23.6473898,23.57273539,22.98888606,,24.759,,
Guam,GUM,"Central government debt, total (% of GDP)",GC.DOD.TOTL.GD.ZS,,,,,,,,,,,,,,,,,,,,,,,,,,,,,,,,,,,,,,,,,,,,,,,,,,,,,,,,,,,,,
Guyana,GUY,"Central government debt, total (% of GDP)",GC.DOD.TOTL.GD.ZS,,,,,,,,,,,,,,,,,,,,,,,,,,,,,,,,,,,,,,,,,,,,,,,,,,,,,,,,,,,,,
High income,HIC,"Central government debt, total (% of GDP)",GC.DOD.TOTL.GD.ZS,,,,,,,,,,,,,,,,,,,,,,,,,,,,,,,37.95529475,39.76730399,41.83464539,41.66541972,44.17384065,46.4707406,47.39635364,47.58888622,48.94630657,46.78357166,,,,,,,,,,,,,,,,,,,,,
"Hong Kong SAR, China",HKG,"Central government debt, total (% of GDP)",GC.DOD.TOTL.GD.ZS,,,,,,,,,,,,,,,,,,,,,,,,,,,,,,,,,,,,,,,,,,,,,,,,,,,,,,,,,,,,,
Honduras,HND,"Central government debt, total (% of GDP)",GC.DOD.TOTL.GD.ZS,,,,,,,,,,,,,,,,,,,,,,,,,,,,,,,,,,,,,,,,,,,,,,,,,,,,,,,,,,,40.804,,
Heavily indebted poor countries (HIPC),HPC,"Central government debt, total (% of GDP)",GC.DOD.TOTL.GD.ZS,,,,,,,,,,,,,,,,,,,,,,,,,,,,,,,,,,,,,,,,,,,,,,,,,,,,,,,,,,,,,
Croatia,HRV,"Central government debt, total (% of GDP)",GC.DOD.TOTL.GD.ZS,,,,,,,,,,,,,,,,,,,,,,,,,,,,,,,,,,,,,,,,,,,,,,,,,,,,,,,,,,,,,
Haiti,HTI,"Central government debt, total (% of GDP)",GC.DOD.TOTL.GD.ZS,,,,,,,,,,,,,,,,,,,,,,,,,,,,,,,,,,,,,,,,,,,,,,,,,,,,,,,,,,,36.235,,
Hungary,HUN,"Central government debt, total (% of GDP)",GC.DOD.TOTL.GD.ZS,,,,,,,,,,,,,,,,,,,,,,,,,,,,,,,,71.22759326,75.47569118,86.11350848,83.31874,85.99233477,74.82381055,67.06212873,63.83297114,66.38563663,60.80476119,59.0170404,58.713656,59.36672522,62.7110187,64.90632409,67.96896189,68.64807863,71.9873544,80.22995764,80.84554643,89.9702391,93.64048998,93.96446925,97.86225132,95.72925316,96.18644848,,,,
IBRD only,IBD,"Central government debt, total (% of GDP)",GC.DOD.TOTL.GD.ZS,,,,,,,,,,,,,,,,,,,,,,,,,,,,,,,,,,,,,,,,,,,,,,,,,,,,,,,,,,,,,
IDA & IBRD total,IBT,"Central government debt, total (% of GDP)",GC.DOD.TOTL.GD.ZS,,,,,,,,,,,,,,,,,,,,,,,,,,,,,,,,,,,,,,,,,,,,,,,,,,,,,,,,,,,,,
IDA total,IDA,"Central government debt, total (% of GDP)",GC.DOD.TOTL.GD.ZS,,,,,,,,,,,,,,,,,,,,,,,,,,,,,,,,,,,,,,,,,,,,,,,,,,,,,,,,,,,,,
IDA blend,IDB,"Central government debt, total (% of GDP)",GC.DOD.TOTL.GD.ZS,,,,,,,,,,,,,,,,,,,,,,,,,,,,,,,,,,,,,,,,,,,,,,,,,,,,,,,,,,,,,
Indonesia,IDN,"Central government debt, total (% of GDP)",GC.DOD.TOTL.GD.ZS,,,,,,,,,,,,,,,,,,,,,,,,,,,,,,,45.74145233,40.27562957,42.70935743,37.49759685,36.57059016,30.80432488,23.92314221,72.48531853,55.20408766,45.20796711,,,32.22412653,29.71739625,,,,,34.22502821,29.99730638,26.16615928,24.86514467,25.03440084,27.78192722,27.4216122,30.30912614,31.36619071,,29.288,,
IDA only,IDX,"Central government debt, total (% of GDP)",GC.DOD.TOTL.GD.ZS,,,,,,,,,,,,,,,,,,,,,,,,,,,,,,,,,,,,,,,,,,,,,,,,,,,,,,,,,,,,,
Isle of Man,IMN,"Central government debt, total (% of GDP)",GC.DOD.TOTL.GD.ZS,,,,,,,,,,,,,,,,,,,,,,,,,,,,,,,,,,,,,,,,,,,,,,,,,,,,,,,,,,,,,
India,IND,"Central government debt, total (% of GDP)",GC.DOD.TOTL.GD.ZS,,,,,,,,,,,,,,,,,,,,,,,,,,,,,,,50.78325379,50.01008036,49.68090136,51.75980829,49.5942827,47.4916413,45.7233077,50.36543613,50.31921817,51.35295144,55.0042465,59.0179098,62.5527713,62.1900539,62.59297674,62.2265261,59.66673028,57.49753639,57.29221428,55.25644611,51.5919103,51.55654015,50.67803056,50.31182736,,,,,,,
Not classified,INX,"Central government debt, total (% of GDP)",GC.DOD.TOTL.GD.ZS,,,,,,,,,,,,,,,,,,,,,,,,,,,,,,,,,,,,,,,,,,,,,,,,,,,,,,,,,,,,,
Ireland,IRL,"Central government debt, total (% of GDP)",GC.DOD.TOTL.GD.ZS,,,,,,,,,,,,,,,,,,,,,,,,,,,,,,,,,,,,,,,60.0875189,49.22576451,38.90279018,35.05450519,33.75783777,32.42939052,30.91387963,30.78848763,27.04253785,26.9733505,46.80749995,66.69702165,82.6024575,112.4716877,130.084312,131.5787302,121.2930797,88.5218485,84.8295535,,,,
"Iran, Islamic Rep.",IRN,"Central government debt, total (% of GDP)",GC.DOD.TOTL.GD.ZS,,,,,,,,,,,,,,,,,,,,,,,,,,,,,,,,,,,,,,,,,,,,,,,,,,,,,,,,,,,,,
Iraq,IRQ,"Central government debt, total (% of GDP)",GC.DOD.TOTL.GD.ZS,,,,,,,,,,,,,,,,,,,,,,,,,,,,,,,,,,,,,,,,,,,,,,,,,,,,,,,,25.73687228,28.08105565,,,,
Iceland,ISL,"Central government debt, total (% of GDP)",GC.DOD.TOTL.GD.ZS,,,,,,,,,,,,,,,,,,,,,,,,,,,,,,,29.86946777,31.26816294,37.59237145,42.9971244,44.03830788,46.27509983,45.62448881,68.36351958,63.2480917,59.2265119,58.40050587,60.50103775,56.44322222,54.51750923,48.24675366,38.17990871,42.90373172,40.78229095,77.93890864,96.92385485,102.4201546,109.3501636,108.4655254,,,,73.52782994,,33.133,,
Israel,ISR,"Central government debt, total (% of GDP)",GC.DOD.TOTL.GD.ZS,,,,,,,,,,,,,,,,,,,,,,,,,,,,,,,138.8477378,123.7235724,119.9353347,117.5636851,108.7730085,104.342611,102.7439404,97.29622016,98.20740066,91.48678661,,,,,,,,,,,,,,,,,,,,,
Italy,ITA,"Central government debt, total (% of GDP)",GC.DOD.TOTL.GD.ZS,,,,,,,,,,,,,,,,,,,,,,,,,,,,,,,,71.42308817,77.46365899,,,,,,,,,,,,,,,,,,,,,,,,,,,,
Jamaica,JAM,"Central government debt, total (% of GDP)",GC.DOD.TOTL.GD.ZS,,,,,,,,,,,,,,,,,,,,,,,,,,,,,,,138.7413276,232.8322106,123.6069513,112.1971751,94.66074289,83.86118418,72.25219524,73.70000908,81.6705597,88.96364365,98.33415571,117.5350336,127.777467,127.4332556,122.0080686,121.0024762,117.6988115,112.9899902,120.3398246,134.6787698,136.2243349,133.9784598,137.9346699,135.9004682,132.4273745,124.6591919,122.6662662,,,,
Jordan,JOR,"Central government debt, total (% of GDP)",GC.DOD.TOTL.GD.ZS,,,,,,,,,,,,,,,,,,,,,,,,,,,,,,,128.7996,129.9996619,150.3445133,123.8471145,114.7871058,103.6091908,104.7717342,98.99547551,99.77182275,98.52776526,92.41670242,89.57062916,83.89769003,87.68758117,87.79347988,78.8461241,71.6209163,68.99147422,55.99969643,60.16266515,60.52481223,60.99924387,65.8995351,74.56691995,78.822879,,75.38688966,,,,
Japan,JPN,"Central government debt, total (% of GDP)",GC.DOD.TOTL.GD.ZS,,,,,,,,,,,,,,,,,,,,,,,,,,,,,,,52.89407055,38.85405142,39.63068406,42.8988211,56.04368326,61.73552318,66.49926047,74.14266792,81.57384799,91.99631369,100.4608833,104.4413342,113.6022049,124.0324858,129.8741721,130.4626805,130.8289729,134.2181752,140.4134348,158.8746295,162.2964066,177.9609429,186.025418,188.881476,194.4280527,197.2844227,196.581694,,,,
Kazakhstan,KAZ,"Central government debt, total (% of GDP)",GC.DOD.TOTL.GD.ZS,,,,,,,,,,,,,,,,,,,,,,,,,,,,,,,,,,,,,,,,,,,,,,,,,,,9.522963251,8.801310072,10.49811385,10.84063915,12.64696963,19.30791606,16.76927586,,20.896,,
Kenya,KEN,"Central government debt, total (% of GDP)",GC.DOD.TOTL.GD.ZS,,,,,,,,,,,,,,,,,,,,,,,,,,,,,,,,,,,,,,,,,,,,,,,,,,,,,,,,,,,,,
Kyrgyz Republic,KGZ,"Central government debt, total (% of GDP)",GC.DOD.TOTL.GD.ZS,,,,,,,,,,,,,,,,,,,,,,,,,,,,,,,,,,,,,,,,,,,,,,,,,,,,,,,53.88932702,72.45655758,60.47351087,,,,
Cambodia,KHM,"Central government debt, total (% of GDP)",GC.DOD.TOTL.GD.ZS,,,,,,,,,,,,,,,,,,,,,,,,,,,,,,,,,,,,,,,,,,,,,,,,,,,,,,,,,,,29.572,,
Kiribati,KIR,"Central government debt, total (% of GDP)",GC.DOD.TOTL.GD.ZS,,,,,,,,,,,,,,,,,,,,,,,,,,,,,,,,,,,,,,,,,,,,,,,,,,,,,,,,,,,23.485,,
St. Kitts and Nevis,KNA,"Central government debt, total (% of GDP)",GC.DOD.TOTL.GD.ZS,,,,,,,,,,,,,,,,,,,,,,,,,,,,,,,,,,,,,,,,,,,76.67848427,89.18167372,86.99235159,87.44298817,84.65906478,97.04632281,95.73933107,104.3130516,107.4358824,105.318484,99.88246944,69.90888162,59.90221234,,,,,,
"Korea, Rep.",KOR,"Central government debt, total (% of GDP)",GC.DOD.TOTL.GD.ZS,,,,,,,,,,,,,,,,,,,,,,,,,,,,,,,7.442801569,10.24286017,9.99384595,9.200418933,8.178936862,7.216889769,6.862980184,8.679860473,,,,,,,,,,,,,,,32.40902058,34.9298593,36.50026402,37.49295711,38.06551416,,,,
Kuwait,KWT,"Central government debt, total (% of GDP)",GC.DOD.TOTL.GD.ZS,,,,,,,,,,,,,,,,,,,,,,,,,,,,,,,,,,,,,,,,,,,,,,,,,,,,,,,,,,,17.784,,
Latin America & Caribbean (excluding high income),LAC,"Central government debt, total (% of GDP)",GC.DOD.TOTL.GD.ZS,,,,,,,,,,,,,,,,,,,,,,,,,,,,,,,,,,,,,,,,,,,,,,,,,,,,,,,,,,,,,
Lao PDR,LAO,"Central government debt, total (% of GDP)",GC.DOD.TOTL.GD.ZS,,,,,,,,,,,,,,,,,,,,,,,,,,,,,,,,,,,,,,,,,,,,,,,,,,,,,,,,,,,,,
Lebanon,LBN,"Central government debt, total (% of GDP)",GC.DOD.TOTL.GD.ZS,,,,,,,,,,,,,,,,,,,,,,,,,,,,,,,,,,,,,,96.90886598,106.9570538,128.6412691,,,,,,,,,,,,,,,,,,,,,
Liberia,LBR,"Central government debt, total (% of GDP)",GC.DOD.TOTL.GD.ZS,,,,,,,,,,,,,,,,,,,,,,,,,,,,,,,,,,,,,,,,,,,,,,,,,,,,21.73060884,20.84527747,,,,,,,,
Libya,LBY,"Central government debt, total (% of GDP)",GC.DOD.TOTL.GD.ZS,,,,,,,,,,,,,,,,,,,,,,,,,,,,,,,,,,,,,,,,,,,,,,,,,,,,,,,,,,,,,
St. Lucia,LCA,"Central government debt, total (% of GDP)",GC.DOD.TOTL.GD.ZS,,,,,,,,,,,,,,,,,,,,,,,,,,,,,,,,,,,,,,,,,30.8776807,40.07053942,50.03292181,48.51837959,49.58333333,52.03522505,47.19573744,45.29805321,41.63453013,43.39770236,45.72215255,49.53182328,55.12776113,56.92295973,57.57764347,,,,,,
Latin America & Caribbean,LCN,"Central government debt, total (% of GDP)",GC.DOD.TOTL.GD.ZS,,,,,,,,,,,,,,,,,,,,,,,,,,,,,,,,,,,,,,,,,,,,,,,,,,,,,,,,,,,,,
Least developed countries: UN classification,LDC,"Central government debt, total (% of GDP)",GC.DOD.TOTL.GD.ZS,,,,,,,,,,,,,,,,,,,,,,,,,,,,,,,,,,,,,,,,,,,,,,,,,,,,,,,,,,,,,
Low income,LIC,"Central government debt, total (% of GDP)",GC.DOD.TOTL.GD.ZS,,,,,,,,,,,,,,,,,,,,,,,,,,,,,,,,,,,,,,,,,,,,,,,,,,,,,,,,,,,,,
Liechtenstein,LIE,"Central government debt, total (% of GDP)",GC.DOD.TOTL.GD.ZS,,,,,,,,,,,,,,,,,,,,,,,,,,,,,,,,,,,,,,,,,,,,,,,,,,,,,,,,,,,,,
Sri Lanka,LKA,"Central government debt, total (% of GDP)",GC.DOD.TOTL.GD.ZS,,,,,,,,,,,,,,,,,,,,,,,,,,,,,,,96.58062551,98.48339578,95.36191195,96.7978141,94.85532323,94.6498206,92.34398434,86.10593167,89.19582391,95.10815461,96.90403265,103.2192741,105.5249908,102.270712,102.3285367,90.60491311,88.69948412,84.99441695,,86.06349191,71.58531844,71.10810938,68.71039465,70.82110606,71.33279838,77.65039412,,,,,
Lower middle income,LMC,"Central government debt, total (% of GDP)",GC.DOD.TOTL.GD.ZS,,,,,,,,,,,,,,,,,,,,,,,,,,,,,,,,,,,,,,,,,,,,,,,,,,,,,,,,,,,,,
Low & middle income,LMY,"Central government debt, total (% of GDP)",GC.DOD.TOTL.GD.ZS,,,,,,,,,,,,,,,,,,,,,,,,,,,,,,,,,,,,,,,,,,,,,,,,,,,,,,,,,,,,,
Lesotho,LSO,"Central government debt, total (% of GDP)",GC.DOD.TOTL.GD.ZS,,,,,,,,,,,,,,,,,,,,,,,,,,,,,,,,,,,,,,,,,,,,,,,,,,,,,,,,,,,,,
Late-demographic dividend,LTE,"Central government debt, total (% of GDP)",GC.DOD.TOTL.GD.ZS,,,,,,,,,,,,,,,,,,,,,,,,,,,,,,,,,,,,,,,,,,,,,,,,,,,,,,,,,,,,,
Lithuania,LTU,"Central government debt, total (% of GDP)",GC.DOD.TOTL.GD.ZS,,,,,,,,,,,,,,,,,,,,,,,,,,,,,,,,,,,,,,,,,,,,,,,,,,,,,,,,,,,33.792,,
Luxembourg,LUX,"Central government debt, total (% of GDP)",GC.DOD.TOTL.GD.ZS,,,,,,,,,,,,,,,,,,,,,,,,,,,,,,,2.434349465,1.889953762,2.532873192,2.802554341,,,,,,,,,,,,,,,,,,,,,,,,,21.615,,
Latvia,LVA,"Central government debt, total (% of GDP)",GC.DOD.TOTL.GD.ZS,,,,,,,,,,,,,,,,,,,,,,,,,,,,,,,,,,,9.021520382,,,,,,,,,,,,,,,,,,,,,,,,,,
"Macao SAR, China",MAC,"Central government debt, total (% of GDP)",GC.DOD.TOTL.GD.ZS,,,,,,,,,,,,,,,,,,,,,,,,,,,,,,,,,,,,,,,,,,,,,,,,,,,,,,,,,,,,,
St. Martin (French part),MAF,"Central government debt, total (% of GDP)",GC.DOD.TOTL.GD.ZS,,,,,,,,,,,,,,,,,,,,,,,,,,,,,,,,,,,,,,,,,,,,,,,,,,,,,,,,,,,,,
Morocco,MAR,"Central government debt, total (% of GDP)",GC.DOD.TOTL.GD.ZS,,,,,,,,,,,,,,,,,,,,,,,,,,,,,,,87.19675998,62.06741628,70.93786898,74.12313156,69.82591552,68.39491528,,64.46241514,61.18593461,61.61713382,,,54.03033855,,,59.26999277,54.80562993,50.93555511,45.4427659,47.50363068,50.96249924,55.62772032,,,,,,,,,
Monaco,MCO,"Central government debt, total (% of GDP)",GC.DOD.TOTL.GD.ZS,,,,,,,,,,,,,,,,,,,,,,,,,,,,,,,,,,,,,,,,,,,,,,,,,,,,,,,,,,,,,
Moldova,MDA,"Central government debt, total (% of GDP)",GC.DOD.TOTL.GD.ZS,,,,,,,,,,,,,,,,,,,,,,,,,,,,,,,,,,,,37.62866114,40.12318209,48.08693531,82.83278227,77.89845339,73.01886856,60.77464326,59.55925064,52.53376299,51.9542957,32.42510358,29.17929124,23.23956579,18.44251613,27.63222644,21.93256136,19.76667385,20.34713933,19.91795211,20.82653558,21.26951998,31.88566926,,28.823,,
Madagascar,MDG,"Central government debt, total (% of GDP)",GC.DOD.TOTL.GD.ZS,,,,,,,,,,,,,,,,,,,,,,,,,,,,,,,,,,,,,,,,,,,,,,,,,,,,,,,,,,,,,
Maldives,MDV,"Central government debt, total (% of GDP)",GC.DOD.TOTL.GD.ZS,,,,,,,,,,,,,,,,,,,,,,,,,,,,,,,30.78233776,35.57346955,41.61546381,45.55156113,44.21170024,47.35205809,43.03527636,39.67038773,40.98673597,40.12629842,40.86440999,31.23087034,33.59083783,30.35237709,27.27304266,33.92711504,29.54088431,29.18427775,30.3431523,46.19355167,54.88541815,57.29812061,,,,,,,,,
Middle East & North Africa,MEA,"Central government debt, total (% of GDP)",GC.DOD.TOTL.GD.ZS,,,,,,,,,,,,,,,,,,,,,,,,,,,,,,,,,,,,,,,,,,,,,,,,,,,,,,,,,,,,,
Mexico,MEX,"Central government debt, total (% of GDP)",GC.DOD.TOTL.GD.ZS,,,,,,,,,,,,,,,,,,,,,,,,,,,,,,,46.62685739,38.21823649,28.14705402,20.37512775,28.1564318,32.45838138,25.16601782,20.6491359,22.24362868,20.48505514,19.06948682,,,,,,,,,,,,,,,,,,,,
Marshall Islands,MHL,"Central government debt, total (% of GDP)",GC.DOD.TOTL.GD.ZS,,,,,,,,,,,,,,,,,,,,,,,,,,,,,,,,,,,,,,,,,,,,,,,,,62.50042968,64.82180117,64.92829512,52.67789409,48.60651768,42.0613231,49.87455703,47.25455039,48.88687415,,23.373,,
Middle income,MIC,"Central government debt, total (% of GDP)",GC.DOD.TOTL.GD.ZS,,,,,,,,,,,,,,,,,,,,,,,,,,,,,,,,,,,,,,,,,,,,,,,,,,,,,,,,,,,,,
North Macedonia,MKD,"Central government debt, total (% of GDP)",GC.DOD.TOTL.GD.ZS,,,,,,,,,,,,,,,,,,,,,,,,,,,,,,,,,,,,,,,,,,,,,,,,,,,,,,,,,,,,,
Mali,MLI,"Central government debt, total (% of GDP)",GC.DOD.TOTL.GD.ZS,,,,,,,,,,,,,,,,,,,,,,,,,,,,,,,,,,,,,,,,,,,,,,,,,,,,,,,,,,,,,
Malta,MLT,"Central government debt, total (% of GDP)",GC.DOD.TOTL.GD.ZS,,,,,,,,,,,,,,,,,,,,,,,,,,,,,,,46.91169936,52.92658573,56.87790644,66.64051706,69.8052684,,,,,,,,,,,,,,,,,,,,,,,,,,
Myanmar,MMR,"Central government debt, total (% of GDP)",GC.DOD.TOTL.GD.ZS,,,,,,,,,,,,,,,,,,,,,,,,,,,,,,,,,,,,,,,,,,,,,,,,,,,,,,,,,,,,,
Middle East & North Africa (excluding high income),MNA,"Central government debt, total (% of GDP)",GC.DOD.TOTL.GD.ZS,,,,,,,,,,,,,,,,,,,,,,,,,,,,,,,,,,,,,,,,,,,,,,,,,,,,,,,,,,,,,
Montenegro,MNE,"Central government debt, total (% of GDP)",GC.DOD.TOTL.GD.ZS,,,,,,,,,,,,,,,,,,,,,,,,,,,,,,,,,,,,,,,,,,,,,,,,,,,,,,,,,,,,,
Mongolia,MNG,"Central government debt, total (% of GDP)",GC.DOD.TOTL.GD.ZS,,,,,,,,,,,,,,,,,,,,,,,,,,,,,,,,,20.62167338,41.4415301,51.43452984,37.07128268,49.47963203,54.62757869,71.57533405,83.9144977,78.41832771,69.09979809,,95.72553134,,,50.49447762,43.51401239,,59.50711514,,,,,,,,,,,
Northern Mariana Islands,MNP,"Central government debt, total (% of GDP)",GC.DOD.TOTL.GD.ZS,,,,,,,,,,,,,,,,,,,,,,,,,,,,,,,,,,,,,,,,,,,,,,,,,,,,,,,,,,,,,
Mozambique,MOZ,"Central government debt, total (% of GDP)",GC.DOD.TOTL.GD.ZS,,,,,,,,,,,,,,,,,,,,,,,,,,,,,,,,,,,,,,,,,,,,,,,,,,,,,,,,,,,,,
Mauritania,MRT,"Central government debt, total (% of GDP)",GC.DOD.TOTL.GD.ZS,,,,,,,,,,,,,,,,,,,,,,,,,,,,,,,,,,,,,,,,,,,,,,,,,,,,,,,,,,,,,
Mauritius,MUS,"Central government debt, total (% of GDP)",GC.DOD.TOTL.GD.ZS,,,,,,,,,,,,,,,,,,,,,,,,,,,,,,,39.65035497,39.92494115,31.95600905,30.22576479,31.16254454,32.86860594,35.75067635,35.82355918,33.59505661,31.41047224,32.11744331,30.1952878,39.81749382,44.73734798,39.06336994,41.69269483,38.02889577,34.69344973,33.69887495,36.55647185,36.78737616,35.52041906,36.5088808,,,,,,,,
Malawi,MWI,"Central government debt, total (% of GDP)",GC.DOD.TOTL.GD.ZS,,,,,,,,,,,,,,,,,,,,,,,,,,,,,,,,,,,,,,,,,,,,,,,,,,29.27341464,28.03010955,27.42573465,41.42047717,36.25693348,40.63281505,39.54223713,55.15787051,48.65956424,,,
Malaysia,MYS,"Central government debt, total (% of GDP)",GC.DOD.TOTL.GD.ZS,,,,,,,,,,,,,,,,,,,,,,,,,,,,,,,79.53661793,73.31932151,64.37729789,55.69183595,47.61972977,41.06970284,,,,,,,43.04733921,45.0766413,45.69663832,42.06755976,40.58839614,40.08812577,39.79970284,50.8357456,49.55982307,50.02868164,51.64643162,52.99925192,52.67584873,53.57447824,51.89051483,,,,
North America,NAC,"Central government debt, total (% of GDP)",GC.DOD.TOTL.GD.ZS,,,,,,,,,,,,,,,,,,,,,,,,,,,,,,39.1284002,40.93394357,44.06159728,46.05014442,48.24614033,47.35348217,47.20953529,46.74176855,44.1174698,41.12914894,37.72927727,33.26312025,15.16584848,53.83102066,56.24164635,56.67838968,56.54996127,55.47113683,55.74597147,64.06222989,76.17793633,85.46427386,90.05478502,94.16341347,96.07560257,96.37227069,96.84792138,99.01711453,,,,
Namibia,NAM,"Central government debt, total (% of GDP)",GC.DOD.TOTL.GD.ZS,,,,,,,,,,,,,,,,,,,,,,,,,,,,,,,,,,,,,,,,,,,,,,,,,16.99357145,15.8082771,16.94497173,23.10569356,20.66286792,24.3840166,23.89961885,,,,,,
New Caledonia,NCL,"Central government debt, total (% of GDP)",GC.DOD.TOTL.GD.ZS,,,,,,,,,,,,,,,,,,,,,,,,,,,,,,,,,,,,,,,,,,,,,,,,,,,,,,,,,,,,,
Niger,NER,"Central government debt, total (% of GDP)",GC.DOD.TOTL.GD.ZS,,,,,,,,,,,,,,,,,,,,,,,,,,,,,,,,,,,,,,,,,,,,,,,,,,,,,,,,,,,,,
Nigeria,NGA,"Central government debt, total (% of GDP)",GC.DOD.TOTL.GD.ZS,,,,,,,,,,,,,,,,,,,,,,,,,,,,,,,,,,,,,,,,,,,,,,,,,,,,,,,,,,,,,
Nicaragua,NIC,"Central government debt, total (% of GDP)",GC.DOD.TOTL.GD.ZS,,,,,,,,,,,,,,,,,,,,,,,,,,,,,,,,,,,,,,,,,,,,,,,,,,,,,,,,,,,,,
Netherlands,NLD,"Central government debt, total (% of GDP)",GC.DOD.TOTL.GD.ZS,,,,,,,,,,,,,,,,,,,,,,,,,,,,,,,54.80317756,55.28956181,56.08873192,56.53138782,54.29444267,,,,,,,,,,,,,,,,,,,,,,,,,,
Norway,NOR,"Central government debt, total (% of GDP)",GC.DOD.TOTL.GD.ZS,,,,,,,,,,,,,,,,,,,,,,,,,,,,,,,19.84703811,18.59428139,22.34283163,31.56079027,30.75198135,,,,,,,,,,,,,,,,,,,,,,,,,,
Nepal,NPL,"Central government debt, total (% of GDP)",GC.DOD.TOTL.GD.ZS,,,,,,,,,,,,,,,,,,,,,,,,,,,,,,,52.62058095,64.91143044,61.65692299,63.68153823,66.54121,66.18364321,65.19788038,59.88242969,66.35144343,64.06810979,64.57331984,58.98914159,63.93546098,62.58819538,59.41566729,51.76462305,49.68696803,42.97866114,43.79998725,,33.86252123,,,,,,,,,,
Nauru,NRU,"Central government debt, total (% of GDP)",GC.DOD.TOTL.GD.ZS,,,,,,,,,,,,,,,,,,,,,,,,,,,,,,,,,,,,,,,,,,,,,,,,,,,,,,,,,,,,,
New Zealand,NZL,"Central government debt, total (% of GDP)",GC.DOD.TOTL.GD.ZS,,,,,,,,,,,,,,,,,,,,,,,,,,,,,,,,,,,,,,,,,,,32.77638426,48.24533847,43.86751661,44.16984908,42.92553686,36.93993107,36.05298684,31.95398853,34.89036824,48.3613937,51.81813919,46.54319029,44.22923765,43.43308735,42.3389592,,,,
OECD members,OED,"Central government debt, total (% of GDP)",GC.DOD.TOTL.GD.ZS,,,,,,,,,,,,,,,,,,,,,,,,,,,,,,,37.77253983,39.30876265,41.02357807,40.63557107,43.52358099,45.65039416,46.35345416,46.54743543,47.14165698,45.44387301,,,,,,,,,,,,,,,,,,,,,
Oman,OMN,"Central government debt, total (% of GDP)",GC.DOD.TOTL.GD.ZS,,,,,,,,,,,,,,,,,,,,,,,,,,,,,,,,,,,,,,,,,,,,,,,,,,,,,,,,,,,,,
Other small states,OSS,"Central government debt, total (% of GDP)",GC.DOD.TOTL.GD.ZS,,,,,,,,,,,,,,,,,,,,,,,,,,,,,,,,,,,,,,,,,,,,,,,,,,,,,,,,,,,,,
Pakistan,PAK,"Central government debt, total (% of GDP)",GC.DOD.TOTL.GD.ZS,,,,,,,,,,,,,,,,,,,,,,,,,,,,,,,78.77253509,76.09082892,74.52857679,78.91019052,,,,,79.08469198,,66.75250207,,,,,,,,,,,,,,,,,,,,
Panama,PAN,"Central government debt, total (% of GDP)",GC.DOD.TOTL.GD.ZS,,,,,,,,,,,,,,,,,,,,,,,,,,,,,,,,,,,,,,,,,,,,,,,,,,,,,,,,,,,,,
Peru,PER,"Central government debt, total (% of GDP)",GC.DOD.TOTL.GD.ZS,,,,,,,,,,,,,,,,,,,,,,,,,,,,,,,189.2462856,78.21675121,80.14272904,70.61609845,55.49153471,,,,,,,,,,,,32.53945754,28.52881839,26.07632235,26.40086588,23.68179134,20.72021657,19.21665946,18.39442038,19.34365633,22.57857357,23.18324961,,,,
Philippines,PHL,"Central government debt, total (% of GDP)",GC.DOD.TOTL.GD.ZS,,,,,,,,,,,,,,,,,,,,,,,,,,,,,,,51.30170984,49.69811965,52.77313088,67.13128969,56.41650108,61.06374193,53.18961731,55.65377133,60.12526521,54.51869481,58.59843312,59.26149558,64.71507455,71.1158091,71.6007252,65.70974312,58.79787399,51.57489163,52.43227093,52.40069313,50.19624148,48.80584813,49.15745521,47.14418186,43.42633894,,,,,,
Palau,PLW,"Central government debt, total (% of GDP)",GC.DOD.TOTL.GD.ZS,,,,,,,,,,,,,,,,,,,,,,,,,,,,,,,,,,,,,,,,,,,,,,,,,23.61798445,24.80344365,33.18775491,26.25145656,27.43909167,22.98528751,21.74442498,63.48323591,67.54449104,,,,
Papua New Guinea,PNG,"Central government debt, total (% of GDP)",GC.DOD.TOTL.GD.ZS,,,,,,,,,,,,,,,,,,,,,,,,,,,,,,,48.95325401,46.6108276,44.86431447,44.32619013,53.54501564,53.66200139,55.6433691,62.40465563,66.35014609,63.53730092,57.74153126,68.26755673,69.73446013,,,,,,,,,,,,26.894612,29.87537774,,,,,
Poland,POL,"Central government debt, total (% of GDP)",GC.DOD.TOTL.GD.ZS,,,,,,,,,,,,,,,,,,,,,,,,,,,,,,,,,,,60.45439847,,,,,,,,,,,,,,,,,,,,,,,,,,
Pre-demographic dividend,PRE,"Central government debt, total (% of GDP)",GC.DOD.TOTL.GD.ZS,,,,,,,,,,,,,,,,,,,,,,,,,,,,,,,,,,,,,,,,,,,,,,,,,,,,,,,,,,,,,
Puerto Rico,PRI,"Central government debt, total (% of GDP)",GC.DOD.TOTL.GD.ZS,,,,,,,,,,,,,,,,,,,,,,,,,,,,,,,,,,,,,,,,,,,,,,,,,,,,,,,,,,,,,
"Korea, Dem. People’s Rep.",PRK,"Central government debt, total (% of GDP)",GC.DOD.TOTL.GD.ZS,,,,,,,,,,,,,,,,,,,,,,,,,,,,,,,,,,,,,,,,,,,,,,,,,,,,,,,,,,,,,
Portugal,PRT,"Central government debt, total (% of GDP)",GC.DOD.TOTL.GD.ZS,,,,,,,,,,,,,,,,,,,,,,,,,,,,,,,,,,8.245737735,5.657404591,,,,,,,,,,,,,,,,,,,,,,,,,,
Paraguay,PRY,"Central government debt, total (% of GDP)",GC.DOD.TOTL.GD.ZS,,,,,,,,,,,,,,,,,,,,,,,,,,,,,,,,,,,,,,,,,,,,,,,,,,,,,,,,,,,,,
West Bank and Gaza,PSE,"Central government debt, total (% of GDP)",GC.DOD.TOTL.GD.ZS,,,,,,,,,,,,,,,,,,,,,,,,,,,,,,,,,,,,,,,,,,,,,,,,,,,,,,,,,,,,,
Pacific island small states,PSS,"Central government debt, total (% of GDP)",GC.DOD.TOTL.GD.ZS,,,,,,,,,,,,,,,,,,,,,,,,,,,,,,,,,,,,,,,,,,,,,,,,,,,,,,,,,,,,,
Post-demographic dividend,PST,"Central government debt, total (% of GDP)",GC.DOD.TOTL.GD.ZS,,,,,,,,,,,,,,,,,,,,,,,,,,,,,,,37.22599561,39.20728062,41.29182137,41.0695454,43.57406363,46.03166442,46.96568504,47.19359063,48.47997021,46.4668716,,,,,,,,,,,,,,,,,,,,,
French Polynesia,PYF,"Central government debt, total (% of GDP)",GC.DOD.TOTL.GD.ZS,,,,,,,,,,,,,,,,,,,,,,,,,,,,,,,,,,,,,,,,,,,,,,,,,,,,,,,,,,,,,
Qatar,QAT,"Central government debt, total (% of GDP)",GC.DOD.TOTL.GD.ZS,,,,,,,,,,,,,,,,,,,,,,,,,,,,,,,,,,,,,,,,,,,,,,,,,,,,,,,,,,,,,
Romania,ROU,"Central government debt, total (% of GDP)",GC.DOD.TOTL.GD.ZS,,,,,,,,,,,,,,,,,,,,,,,,,,,,,,,,,,,,,,,,,,,,,,,,,,,,,,,,,,,,,
Russian Federation,RUS,"Central government debt, total (% of GDP)",GC.DOD.TOTL.GD.ZS,,,,,,,,,,,,,,,,,,,,,,,,,,,,,,,,,,,,,,,143.9489995,100.7441377,62.14888887,48.98361534,41.35271686,,,16.66086845,9.89107286,7.158430117,6.495287438,8.697866335,9.098105645,8.641081944,8.551408593,9.06725564,11.20046128,13.54076578,14.24173958,,,,
Rwanda,RWA,"Central government debt, total (% of GDP)",GC.DOD.TOTL.GD.ZS,,,,,,,,,,,,,,,,,,,,,,,,,,,,,,,49.79692027,47.8601031,48.42897426,,,,,,,,,,,,,,,,,,,,,,,,,,,,
South Asia,SAS,"Central government debt, total (% of GDP)",GC.DOD.TOTL.GD.ZS,,,,,,,,,,,,,,,,,,,,,,,,,,,,,,,54.86634441,54.08034185,53.53202585,55.82332543,51.08700536,49.06019467,47.28933336,51.49583217,54.40450128,52.75490972,57.38388886,58.36322664,61.64675328,61.18203604,63.72973255,62.96867669,60.42863373,58.16541245,57.13742562,56.18294628,52.04159172,52.16805321,51.24696048,50.97790505,,,,,,,
Saudi Arabia,SAU,"Central government debt, total (% of GDP)",GC.DOD.TOTL.GD.ZS,,,,,,,,,,,,,,,,,,,,,,,,,,,,,,,,,,,,,,,,,,,,,,,,,,,,,,,,,,,,,
Sudan,SDN,"Central government debt, total (% of GDP)",GC.DOD.TOTL.GD.ZS,,,,,,,,,,,,,,,,,,,,,,,,,,,,,,,,,,,,,,,,,,,,,,,,,,,,,,,,,,,,,
Senegal,SEN,"Central government debt, total (% of GDP)",GC.DOD.TOTL.GD.ZS,,,,,,,,,,,,,,,,,,,,,,,,,,,,,,,,,,,,,,,,,,,,,,,,,,,,,,,,,,,,,
Singapore,SGP,"Central government debt, total (% of GDP)",GC.DOD.TOTL.GD.ZS,,,,,,,,,,,,,,,,,,,,,,,,,,,,,,,77.85531186,78.97732192,81.88275581,72.87963718,70.28183455,72.78049031,72.73533406,71.36072927,82.59911664,87.86037846,83.84229173,93.93631251,106.3325409,108.5899838,101.779019,94.96669378,82.83748054,77.2760743,96.40996475,106.3724683,101.4497824,104.7851838,107.8280936,99.44648886,99.60979867,103.3208398,109.1975062,,,,
Solomon Islands,SLB,"Central government debt, total (% of GDP)",GC.DOD.TOTL.GD.ZS,,,,,,,,,,,,,,,,,,,,,,,,,,,,,,,,,,,,,,,,,,,,,,,,,,,,15.88525881,12.91456802,11.50177841,9.935189473,7.631918255,7.017694945,,,,
Sierra Leone,SLE,"Central government debt, total (% of GDP)",GC.DOD.TOTL.GD.ZS,,,,,,,,,,,,,,,,,,,,,,,,,,,,,,,,,,,,,,,,,,,,,,,,,,,,,,,,,,,,,
El Salvador,SLV,"Central government debt, total (% of GDP)",GC.DOD.TOTL.GD.ZS,,,,,,,,,,,,,,,,,,,,,,,,,,,,,,,,,,,,,,,24.65293389,28.19066346,27.37640894,35.37055254,62.44694538,57.91122341,56.5005963,56.21580632,50.51223364,48.48236991,48.42693762,58.14692057,57.49403729,54.5619792,,62.39924842,50.83793193,51.27840327,52.06563465,,,,
San Marino,SMR,"Central government debt, total (% of GDP)",GC.DOD.TOTL.GD.ZS,,,,,,,,,,,,,,,,,,,,,,,,,,,,,,,,,,,,,,,,,,,12.73482815,26.5286654,31.92336779,39.34232543,47.76561176,47.45096013,46.86853833,46.60740073,54.97249266,44.82937546,51.21772188,54.02301355,,56.94360511,57.30787053,,,,
Somalia,SOM,"Central government debt, total (% of GDP)",GC.DOD.TOTL.GD.ZS,,,,,,,,,,,,,,,,,,,,,,,,,,,,,,,,,,,,,,,,,,,,,,,,,,,,,,,,,,,,,
Serbia,SRB,"Central government debt, total (% of GDP)",GC.DOD.TOTL.GD.ZS,,,,,,,,,,,,,,,,,,,,,,,,,,,,,,,,,,,,,,,,,,,,,,,,,,,,,,,,,,,,,
Sub-Saharan Africa (excluding high income),SSA,"Central government debt, total (% of GDP)",GC.DOD.TOTL.GD.ZS,,,,,,,,,,,,,,,,,,,,,,,,,,,,,,,,,,,,,,,,,,,,,,,,,,,,,,,,,,,,,
South Sudan,SSD,"Central government debt, total (% of GDP)",GC.DOD.TOTL.GD.ZS,,,,,,,,,,,,,,,,,,,,,,,,,,,,,,,,,,,,,,,,,,,,,,,,,,,,,,,,,,,,,
Sub-Saharan Africa,SSF,"Central government debt, total (% of GDP)",GC.DOD.TOTL.GD.ZS,,,,,,,,,,,,,,,,,,,,,,,,,,,,,,,,,,,,,,,,,,,,,,,,,,,,,,,,,,,,,
Small states,SST,"Central government debt, total (% of GDP)",GC.DOD.TOTL.GD.ZS,,,,,,,,,,,,,,,,,,,,,,,,,,,,,,,,,,,,,,,,,,,,,,,,,,,,,,,,,,,,,
Sao Tome and Principe,STP,"Central government debt, total (% of GDP)",GC.DOD.TOTL.GD.ZS,,,,,,,,,,,,,,,,,,,,,,,,,,,,,,,,,,,,,,,,,,,,,,,,,,,,,,,,,,,,,
Suriname,SUR,"Central government debt, total (% of GDP)",GC.DOD.TOTL.GD.ZS,,,,,,,,,,,,,,,,,,,,,,,,,,,,,,,,,,,,,,,,,,,,,,,,,,,,,,,,,,,,,
Slovak Republic,SVK,"Central government debt, total (% of GDP)",GC.DOD.TOTL.GD.ZS,,,,,,,,,,,,,,,,,,,,,,,,,,,,,,,,,,,,,,,,,,,,,,,,,,,,,,,,,,,,,
Slovenia,SVN,"Central government debt, total (% of GDP)",GC.DOD.TOTL.GD.ZS,,,,,,,,,,,,,,,,,,,,,,,,,,,,,,,,,,20.18908556,17.69419324,,,,,,,,,,,,,,,,,,,,,,,,,,
Sweden,SWE,"Central government debt, total (% of GDP)",GC.DOD.TOTL.GD.ZS,,,,,,,,,,,,,,,,,,,,,,,,,,,,,,,,,,,,,,,,,,,,,,,,,,,,,,,,,,,,,
Eswatini,SWZ,"Central government debt, total (% of GDP)",GC.DOD.TOTL.GD.ZS,,,,,,,,,,,,,,,,,,,,,,,,,,,,,,,,,,,,,,,,,,,,,,,,,,,,,,,,,,,,,
Sint Maarten (Dutch part),SXM,"Central government debt, total (% of GDP)",GC.DOD.TOTL.GD.ZS,,,,,,,,,,,,,,,,,,,,,,,,,,,,,,,,,,,,,,,,,,,,,,,,,,,,,,,,,,,,,
Seychelles,SYC,"Central government debt, total (% of GDP)",GC.DOD.TOTL.GD.ZS,,,,,,,,,,,,,,,,,,,,,,,,,,,,,,,,,,,,,,,,,,,,,,,,,176.9243381,100.4455703,75.35341586,78.84131555,78.14180567,51.55062982,68.83635988,63.34039347,,,,,
Syrian Arab Republic,SYR,"Central government debt, total (% of GDP)",GC.DOD.TOTL.GD.ZS,,,,,,,,,,,,,,,,,,,,,,,,,,,,,,,,,,,,,,,,,,,,,,,,,,,,,,,,,,,,,
Turks and Caicos Islands,TCA,"Central government debt, total (% of GDP)",GC.DOD.TOTL.GD.ZS,,,,,,,,,,,,,,,,,,,,,,,,,,,,,,,,,,,,,,,,,,,,,,,,,,,,,,,,,,,,,
Chad,TCD,"Central government debt, total (% of GDP)",GC.DOD.TOTL.GD.ZS,,,,,,,,,,,,,,,,,,,,,,,,,,,,,,,,,,,,,,,,,,,,,,,,,,,,,,,,,,,,,
East Asia & Pacific (IDA & IBRD countries),TEA,"Central government debt, total (% of GDP)",GC.DOD.TOTL.GD.ZS,,,,,,,,,,,,,,,,,,,,,,,,,,,,,,,,,,,,,,,,,,,,,,,,,,,,,,,,,,,,,
Europe & Central Asia (IDA & IBRD countries),TEC,"Central government debt, total (% of GDP)",GC.DOD.TOTL.GD.ZS,,,,,,,,,,,,,,,,,,,,,,,,,,,,,,,,,,,,,,,,,,,,,,,,,17.59107106,22.48053368,21.4902093,20.75705964,19.90325231,18.37124737,20.8558003,22.59155641,24.01057448,,,,
Togo,TGO,"Central government debt, total (% of GDP)",GC.DOD.TOTL.GD.ZS,,,,,,,,,,,,,,,,,,,,,,,,,,,,,,,,,,,,,,,,,,,,,,,,,,,,,,,,,,,,,
Thailand,THA,"Central government debt, total (% of GDP)",GC.DOD.TOTL.GD.ZS,,,,,,,,,,,,,,,,,,,,,,,,,,,,,,,18.44775385,13.36556734,10.87899516,8.186243537,5.693219737,4.610094712,3.673497457,4.641520409,10.66985739,20.00577892,21.96458651,24.57833404,30.07035627,27.04601837,24.3963998,25.45812828,24.38065915,22.99346683,22.45021726,26.7791952,26.90084554,28.1319763,28.44471602,34.78184417,39.56865222,35.27396297,,,,,
Tajikistan,TJK,"Central government debt, total (% of GDP)",GC.DOD.TOTL.GD.ZS,,,,,,,,,,,,,,,,,,,,,,,,,,,,,,,,,,,,,,,,,,,,,,,,,,,,,,,,,,,,,
Turkmenistan,TKM,"Central government debt, total (% of GDP)",GC.DOD.TOTL.GD.ZS,,,,,,,,,,,,,,,,,,,,,,,,,,,,,,,,,,,,,,,,,,,,,,,,,,,,,,,,,,,,,
Latin America & the Caribbean (IDA & IBRD countries),TLA,"Central government debt, total (% of GDP)",GC.DOD.TOTL.GD.ZS,,,,,,,,,,,,,,,,,,,,,,,,,,,,,,,,,,,,,,,,,,,,,,,,,,,,,,,,,,,,,
Timor-Leste,TLS,"Central government debt, total (% of GDP)",GC.DOD.TOTL.GD.ZS,,,,,,,,,,,,,,,,,,,,,,,,,,,,,,,,,,,,,,,,,,,,,,,,,,,,,,,,,,,,,
Middle East & North Africa (IDA & IBRD countries),TMN,"Central government debt, total (% of GDP)",GC.DOD.TOTL.GD.ZS,,,,,,,,,,,,,,,,,,,,,,,,,,,,,,,,,,,,,,,,,,,,,,,,,,,,,,,,,,,,,
Tonga,TON,"Central government debt, total (% of GDP)",GC.DOD.TOTL.GD.ZS,,,,,,,,,,,,,,,,,,,,,,,,,,,,,,,,,,,,,,,,,,,,,,,,,,,,,,49.03343371,47.04523692,51.36036461,51.80838898,,,,
South Asia (IDA & IBRD),TSA,"Central government debt, total (% of GDP)",GC.DOD.TOTL.GD.ZS,,,,,,,,,,,,,,,,,,,,,,,,,,,,,,,54.86634441,54.08034185,53.53202585,55.82332543,51.08700536,49.06019467,47.28933336,51.49583217,54.40450128,52.75490972,57.38388886,58.36322664,61.64675328,61.18203604,63.72973255,62.96867669,60.42863373,58.16541245,57.13742562,56.18294628,52.04159172,52.16805321,51.24696048,50.97790505,,,,,,,
Sub-Saharan Africa (IDA & IBRD countries),TSS,"Central government debt, total (% of GDP)",GC.DOD.TOTL.GD.ZS,,,,,,,,,,,,,,,,,,,,,,,,,,,,,,,,,,,,,,,,,,,,,,,,,,,,,,,,,,,,,
Trinidad and Tobago,TTO,"Central government debt, total (% of GDP)",GC.DOD.TOTL.GD.ZS,,,,,,,,,,,,,,,,,,,,,,,,,,,,,,,,,,,,,,,,,,,,,,,16.80320685,15.92800424,,,,,,,,,,,,,
Tunisia,TUN,"Central government debt, total (% of GDP)",GC.DOD.TOTL.GD.ZS,,,,,,,,,,,,,,,,,,,,,,,,,,,,,,,54.7703801,60.67271881,55.49913175,59.30982746,59.03451416,57.51826787,55.29651794,56.93532781,54.28174403,55.63863638,56.72146854,56.4676421,55.93409399,55.02116003,53.83741947,52.42052972,48.56231847,45.78954125,43.29193491,42.92979215,40.6626014,44.62477633,44.6597512,,,,,,,,
Turkey,TUR,"Central government debt, total (% of GDP)",GC.DOD.TOTL.GD.ZS,,,,,,,,,,,,,,,,,,,,,,,,,,,,,,,30.2454942,32.12991113,34.01727506,33.69822326,44.01750571,35.84140076,37.92075014,44.29328872,30.31845776,,,,,,,,,,41.54595111,50.47308992,47.43244567,42.36010561,39.28667612,32.91847776,31.56384939,29.20699773,31.87218091,,,,
Tuvalu,TUV,"Central government debt, total (% of GDP)",GC.DOD.TOTL.GD.ZS,,,,,,,,,,,,,,,,,,,,,,,,,,,,,,,,,,,,,,,,,,,,,,,,,,,,,,,,,,,,,
Tanzania,TZA,"Central government debt, total (% of GDP)",GC.DOD.TOTL.GD.ZS,,,,,,,,,,,,,,,,,,,,,,,,,,,,,,,,,,,,,,,,,,,,,,,,,,,,,,,,,,,,,
Uganda,UGA,"Central government debt, total (% of GDP)",GC.DOD.TOTL.GD.ZS,,,,,,,,,,,,,,,,,,,,,,,,,,,,,,,,,,,,,,,,,,,,,,,,,,,,,,,,,,,,,
Ukraine,UKR,"Central government debt, total (% of GDP)",GC.DOD.TOTL.GD.ZS,,,,,,,,,,,,,,,,,,,,,,,,,,,,,,,,,,,,,,,,60.97644818,45.28746987,,,,,,,,13.84020795,24.89941411,29.96955564,27.4827595,33.70310016,37.02871557,63.66531919,70.25883762,71.80954545,,,,
Upper middle income,UMC,"Central government debt, total (% of GDP)",GC.DOD.TOTL.GD.ZS,,,,,,,,,,,,,,,,,,,,,,,,,,,,,,,,,,,,,,,,,,,,,,,,,,,,,,,,,,,,,
Uruguay,URY,"Central government debt, total (% of GDP)",GC.DOD.TOTL.GD.ZS,,,,,,,,,,,,,,,,,,,,,,,,,,,,,,,31.59596304,24.59057576,23.60477732,21.87914304,24.53018807,,,,,,,40.64333486,95.26786072,105.6027809,85.42559412,76.11445971,69.02689635,58.51206053,57.25268252,49.27332921,44.22270175,45.35145122,43.40345045,42.740851,44.35796133,51.18648002,50.68495588,,,,
United States,USA,"Central government debt, total (% of GDP)",GC.DOD.TOTL.GD.ZS,,,,,,,,,,,,,,,,,,,,,,,,,,,,,,39.1284002,40.93394357,44.06159728,46.05014442,48.24614033,47.35348217,47.20953529,46.74176855,44.1174698,41.12914894,37.72927727,33.26312025,15.16584848,53.83102066,56.24164635,56.67838968,56.54996127,55.47113683,55.74597147,64.06222989,76.17793633,85.46427386,90.05478502,94.16341347,96.07560257,96.37227069,96.84792138,99.01711453,,,,
Uzbekistan,UZB,"Central government debt, total (% of GDP)",GC.DOD.TOTL.GD.ZS,,,,,,,,,,,,,,,,,,,,,,,,,,,,,,,,,,,,,,,,,,,,,,,,,,,,,,,,,,,,,
St. Vincent and the Grenadines,VCT,"Central government debt, total (% of GDP)",GC.DOD.TOTL.GD.ZS,,,,,,,,,,,,,,,,,,,,,,,,,,,,,,,31.52609365,31.58246614,33.63198375,40.70987571,43.26384715,43.35326677,41.60790649,39.38320239,40.03871632,51.94599853,51.7428779,48.90164646,52.33002105,55.45489697,59.32594487,57.1498743,54.05237952,45.72498698,45.84434683,56.83121798,59.89474314,58.46840678,61.20518248,63.55391679,68.74945924,,,,,,
"Venezuela, RB",VEN,"Central government debt, total (% of GDP)",GC.DOD.TOTL.GD.ZS,,,,,,,,,,,,,,,,,,,,,,,,,,,,,,,,,,,,,,,,,,,,,,,,,,,,,,,,,,,,,
British Virgin Islands,VGB,"Central government debt, total (% of GDP)",GC.DOD.TOTL.GD.ZS,,,,,,,,,,,,,,,,,,,,,,,,,,,,,,,,,,,,,,,,,,,,,,,,,,,,,,,,,,,,,
Virgin Islands (U.S.),VIR,"Central government debt, total (% of GDP)",GC.DOD.TOTL.GD.ZS,,,,,,,,,,,,,,,,,,,,,,,,,,,,,,,,,,,,,,,,,,,,,,,,,,,,,,,,,,,,,
Vietnam,VNM,"Central government debt, total (% of GDP)",GC.DOD.TOTL.GD.ZS,,,,,,,,,,,,,,,,,,,,,,,,,,,,,,,,,,,,,,,,,,,,,,,,,,,,,,,,,,,,,
Vanuatu,VUT,"Central government debt, total (% of GDP)",GC.DOD.TOTL.GD.ZS,,,,,,,,,,,,,,,,,,,,,,,,,,,,,,,24.9665624,,,,,25.77889639,23.81439159,24.89376054,28.4022961,27.30400093,,,,,,,,,,,,,,,,,,,,,
World,WLD,"Central government debt, total (% of GDP)",GC.DOD.TOTL.GD.ZS,,,,,,,,,,,,,,,,,,,,,,,,,,,,,,,,,,,,,,,,,,,,,,,,,,,,,,,,,,,,,
Samoa,WSM,"Central government debt, total (% of GDP)",GC.DOD.TOTL.GD.ZS,,,,,,,,,,,,,,,,,,,,,,,,,,,,,,,,,,,,,,,,,,,,,,,,,,,,,,,,,,,,,
Kosovo,XKX,"Central government debt, total (% of GDP)",GC.DOD.TOTL.GD.ZS,,,,,,,,,,,,,,,,,,,,,,,,,,,,,,,,,,,,,,,,,,,,,,,,,,,,,,,,,,,,,
"Yemen, Rep.",YEM,"Central government debt, total (% of GDP)",GC.DOD.TOTL.GD.ZS,,,,,,,,,,,,,,,,,,,,,,,,,,,,,,,,,,,,,,,,,,,,,,,,,,,,,,,,,,,,,
South Africa,ZAF,"Central government debt, total (% of GDP)",GC.DOD.TOTL.GD.ZS,,,,,,,,,,,,,,,,,,,,,,,,,,,,,,,35.33988246,36.99484288,40.30641895,43.78400671,49.22969653,49.56585738,48.91295613,47.81337957,49.58340883,46.77287773,44.11322126,,,,,,,,26.01847228,,,,,,,,,,,,
Zambia,ZMB,"Central government debt, total (% of GDP)",GC.DOD.TOTL.GD.ZS,,,,,,,,,,,,,,,,,,,,,,,,,,,,,,,244.3805364,277.530308,164.7007536,161.7860769,149.2098899,155.2792246,175.9344907,150.0725489,161.2321579,,,,,,,,,,,,,18.04988188,23.48888781,24.22399415,44.39599998,49.40730745,,,,,
Zimbabwe,ZWE,"Central government debt, total (% of GDP)",GC.DOD.TOTL.GD.ZS,,,,,,,,,,,,,,,,,,,,,,,,,,,,,,,,,,,,,,,,,,,,,,,,,,,,,,,,,,,,,
